{"cameraMode":{"drawMode":0,"name":"Shaded","section":"Shading Mode"},"sceneLighting":false,"audioPlay":false,"sceneViewState":{"showFog":false,"showMaterialUpdate":false,"showSkybox":false,"showFlares":false,"showImageEffects":false,"showParticleSystems":false},"in2DMode":false,"pivot":{"x":14.18416976928711,"y":30.583717346191408,"z":-58.573055267333987},"rotation":{"x":0.37352797389030459,"y":0.40115076303482058,"z":-0.18362733721733094,"w":0.815991222858429},"size":8.345900535583496,"orthographic":false}