{"cameraMode":{"drawMode":0,"name":"Shaded","section":"Shading Mode"},"sceneLighting":false,"audioPlay":false,"sceneViewState":{"showFog":false,"showMaterialUpdate":false,"showSkybox":false,"showFlares":false,"showImageEffects":false,"showParticleSystems":false},"in2DMode":false,"pivot":{"x":-99.2501220703125,"y":-272.9886474609375,"z":60.29389572143555},"rotation":{"x":0.180425763130188,"y":0.6769818663597107,"z":-0.1766766607761383,"w":0.6913273930549622},"size":1148.0576171875,"orthographic":false}