{"cameraMode":{"drawMode":0,"name":"Shaded","section":"Shading Mode"},"sceneLighting":false,"audioPlay":false,"sceneViewState":{"showFog":false,"showMaterialUpdate":false,"showSkybox":false,"showFlares":false,"showImageEffects":false,"showParticleSystems":false},"in2DMode":false,"pivot":{"x":10.480998992919922,"y":-3.2730255126953127,"z":0.671966552734375},"rotation":{"x":0.29783058166503909,"y":-0.1486883908510208,"z":0.0470244400203228,"w":0.9417950510978699},"size":82.7047348022461,"orthographic":false}